"Tab","Button","Section","Source","CurrentPlacementWhy","AlternateTab","AlternatePlacementJustification","PlacementAssessment","Description"
"Choco","Add to Toolbox","Chocolatey Management","GUI Hard-coded","This tab is for Chocolatey package discovery, install, update, uninstall, and toolbox import workflows.","Software","Chocolatey installs software, so Software is the broad alternate.","Current placement appears reasonable.","Chocolatey package workflow action: Add to Toolbox."
"Choco","Install Chocolatey","Chocolatey Management","GUI Hard-coded","This tab is for Chocolatey package discovery, install, update, uninstall, and toolbox import workflows.","Software","Chocolatey installs software, so Software is the broad alternate.","Current placement appears reasonable.","Chocolatey package workflow action: Install Chocolatey."
"Choco","Install Selected","Chocolatey Management","GUI Hard-coded","This tab is for Chocolatey package discovery, install, update, uninstall, and toolbox import workflows.","Software","Chocolatey installs software, so Software is the broad alternate.","Current placement appears reasonable.","Chocolatey package workflow action: Install Selected."
"Choco","Refresh Computer List","Chocolatey Management","GUI Hard-coded","This tab is for Chocolatey package discovery, install, update, uninstall, and toolbox import workflows.","Software","Chocolatey installs software, so Software is the broad alternate.","Current placement appears reasonable.","Chocolatey package workflow action: Refresh Computer List."
"Choco","Refresh Status","Chocolatey Management","GUI Hard-coded","This tab is for Chocolatey package discovery, install, update, uninstall, and toolbox import workflows.","Software","Chocolatey installs software, so Software is the broad alternate.","Current placement appears reasonable.","Chocolatey package workflow action: Refresh Status."
"Choco","Scan Installed","Chocolatey Management","GUI Hard-coded","This tab is for Chocolatey package discovery, install, update, uninstall, and toolbox import workflows.","Software","Chocolatey installs software, so Software is the broad alternate.","Current placement appears reasonable.","Chocolatey package workflow action: Scan Installed."
"Choco","Search Packages","Chocolatey Management","GUI Hard-coded","This tab is for Chocolatey package discovery, install, update, uninstall, and toolbox import workflows.","Software","Chocolatey installs software, so Software is the broad alternate.","Current placement appears reasonable.","Chocolatey package workflow action: Search Packages."
"Choco","Uninstall From Computer","Chocolatey Management","GUI Hard-coded","This tab is for Chocolatey package discovery, install, update, uninstall, and toolbox import workflows.","Software","Chocolatey installs software, so Software is the broad alternate.","Current placement appears reasonable.","Chocolatey package workflow action: Uninstall From Computer."
"Choco","Upgrade All","Chocolatey Management","GUI Hard-coded","This tab is for Chocolatey package discovery, install, update, uninstall, and toolbox import workflows.","Software","Chocolatey installs software, so Software is the broad alternate.","Current placement appears reasonable.","Chocolatey package workflow action: Upgrade All."
"Choco","Upgrade Selected","Chocolatey Management","GUI Hard-coded","This tab is for Chocolatey package discovery, install, update, uninstall, and toolbox import workflows.","Software","Chocolatey installs software, so Software is the broad alternate.","Current placement appears reasonable.","Chocolatey package workflow action: Upgrade Selected."
"Clean Up","recuva.portable","Data Recovery","Custom Tool","This tab is for cleanup, uninstaller, registry cleanup, file leftovers, and space-recovery tools.","Software","Cleanup utilities are software tools, but Clean Up is clearer for technician intent.","Current placement appears reasonable.","Recover accidentally deleted files from local storage."
"Clean Up","BleachBit","Disk Cleanup","Custom Tool","This tab is for cleanup, uninstaller, registry cleanup, file leftovers, and space-recovery tools.","Software","Cleanup utilities are software tools, but Clean Up is clearer for technician intent.","Current placement appears reasonable.","Clean temporary files, browser caches, and application leftovers."
"Clean Up","CCleaner","Disk Cleanup","Custom Tool","This tab is for cleanup, uninstaller, registry cleanup, file leftovers, and space-recovery tools.","Software","Cleanup utilities are software tools, but Clean Up is clearer for technician intent.","Current placement appears reasonable.","Run CCleaner for temporary-file and application cleanup checks."
"Clean Up","LockHunter","Locked Files","Custom Tool","This tab is for cleanup, uninstaller, registry cleanup, file leftovers, and space-recovery tools.","Software","Cleanup utilities are software tools, but Clean Up is clearer for technician intent.","Current placement appears reasonable.","Find and release file or folder locks that block delete, rename, or move operations."
"Clean Up","Wise Registry Cleaner","Registry Cleanup","Custom Tool","This tab is for cleanup, uninstaller, registry cleanup, file leftovers, and space-recovery tools.","Software","Cleanup utilities are software tools, but Clean Up is clearer for technician intent.","Current placement appears reasonable.","Review registry cleanup findings before making changes."
"Clean Up","Bulk Uninstaller","Uninstall And Leftovers","ToolCatalog","This tab is for cleanup, uninstaller, registry cleanup, file leftovers, and space-recovery tools.","Software","Cleanup utilities are software tools, but Clean Up is clearer for technician intent.","Current placement appears reasonable.","Launch Bulk Crap Uninstaller for reviewing and removing installed applications, leftovers, and vendor bloat."
"Clean Up","Revo Uninstaller","Uninstall And Leftovers","Custom Tool","This tab is for cleanup, uninstaller, registry cleanup, file leftovers, and space-recovery tools.","Software","Cleanup utilities are software tools, but Clean Up is clearer for technician intent.","Current placement appears reasonable.","Remove installed programs and scan for leftovers."
"Computer Info","Delete","Computer Profiles","GUI Hard-coded","This tab is for saved computer profiles and fingerprint-style machine information.","Quick Diagnosis","Computer profile output is produced by Quick Diagnosis, so that tab is a logical alternate.","Current placement appears reasonable.","Computer profile action: Delete."
"Computer Info","Open HTML Report","Computer Profiles","GUI Hard-coded","This tab is for saved computer profiles and fingerprint-style machine information.","Quick Diagnosis","Computer profile output is produced by Quick Diagnosis, so that tab is a logical alternate.","Current placement appears reasonable.","Computer profile action: Open HTML Report."
"Computer Info","Refresh","Computer Profiles","GUI Hard-coded","This tab is for saved computer profiles and fingerprint-style machine information.","Quick Diagnosis","Computer profile output is produced by Quick Diagnosis, so that tab is a logical alternate.","Current placement appears reasonable.","Computer profile action: Refresh."
"Computer Info","Take Fingerprint","Computer Profiles","GUI Hard-coded","This tab is for saved computer profiles and fingerprint-style machine information.","Quick Diagnosis","Computer profile output is produced by Quick Diagnosis, so that tab is a logical alternate.","Current placement appears reasonable.","Computer profile action: Take Fingerprint."
"Custom","Launch Toolkit Tool","Toolkit App Management","GUI Hard-coded","This tab is for managing toolkit-installed portable apps, their launch status, removal, and tab placement.","Settings","Custom tool tab placement is configuration-like, though launch/removal belongs on Custom.","Current placement appears reasonable.","Custom toolkit app management action: Launch Toolkit Tool."
"Custom","Open Location","Toolkit App Management","GUI Hard-coded","This tab is for managing toolkit-installed portable apps, their launch status, removal, and tab placement.","Settings","Custom tool tab placement is configuration-like, though launch/removal belongs on Custom.","Current placement appears reasonable.","Custom toolkit app management action: Open Location."
"Custom","Refresh Toolkit Tools","Toolkit App Management","GUI Hard-coded","This tab is for managing toolkit-installed portable apps, their launch status, removal, and tab placement.","Settings","Custom tool tab placement is configuration-like, though launch/removal belongs on Custom.","Current placement appears reasonable.","Custom toolkit app management action: Refresh Toolkit Tools."
"Custom","Remove From Toolkit","Toolkit App Management","GUI Hard-coded","This tab is for managing toolkit-installed portable apps, their launch status, removal, and tab placement.","Settings","Custom tool tab placement is configuration-like, though launch/removal belongs on Custom.","Current placement appears reasonable.","Custom toolkit app management action: Remove From Toolkit."
"Custom","Set Tab Placement","Toolkit App Management","GUI Hard-coded","This tab is for managing toolkit-installed portable apps, their launch status, removal, and tab placement.","Settings","Custom tool tab placement is configuration-like, though launch/removal belongs on Custom.","Current placement appears reasonable.","Custom toolkit app management action: Set Tab Placement."
"Custom","Bulk Uninstaller","Toolkit Apps","Custom Tool","This tab is for managing toolkit-installed portable apps, their launch status, removal, and tab placement.","Settings","Custom tool tab placement is configuration-like, though launch/removal belongs on Custom.","Needs review because no explicit placement rule exists.","Toolkit-installed portable application."
"Directory","Domain Logon Health","Domain And Policy","ToolCatalog","This tab is for domain, Active Directory, secure channel, and Group Policy checks.","Services","Domain, GPO, and DC discovery are infrastructure services from the workstation perspective.","Current placement appears reasonable.","Checks domain membership, secure channel, and domain controller discovery."
"Directory","GPO Health","Domain And Policy","ToolCatalog","This tab is for domain, Active Directory, secure channel, and Group Policy checks.","Services","Domain, GPO, and DC discovery are infrastructure services from the workstation perspective.","Current placement appears reasonable.","Runs a computer-scope Group Policy result summary."
"Directory","ADExplorer","Sysinternals","Sysinternals Auto-map","This tab is for domain, Active Directory, secure channel, and Group Policy checks.","Services","Domain, GPO, and DC discovery are infrastructure services from the workstation perspective.","Auto-mapped by Sysinternals category; review if technician workflow suggests a more direct tab.","Sysinternals Active Directory utility."
"Directory","ADInsight","Sysinternals","Sysinternals Auto-map","This tab is for domain, Active Directory, secure channel, and Group Policy checks.","Services","Domain, GPO, and DC discovery are infrastructure services from the workstation perspective.","Auto-mapped by Sysinternals category; review if technician workflow suggests a more direct tab.","Sysinternals Active Directory utility."
"Directory","adrestore","Sysinternals","Sysinternals Auto-map","This tab is for domain, Active Directory, secure channel, and Group Policy checks.","Services","Domain, GPO, and DC discovery are infrastructure services from the workstation perspective.","Auto-mapped by Sysinternals category; review if technician workflow suggests a more direct tab.","Sysinternals Active Directory utility."
"Discovery","WhatChanged","Change Tracking","Custom Tool","This tab is for finding hosts, services, subnets, ARP neighbors, wake targets, and change state.","Network","Discovery tools are network-adjacent and could be consolidated under Network.","Current placement appears reasonable.","Snapshot and compare file and registry changes."
"Discovery","ARP Inventory Exporter","Discovery","ToolCatalog","This tab is for finding hosts, services, subnets, ARP neighbors, wake targets, and change state.","Network","Discovery tools are network-adjacent and could be consolidated under Network.","Current placement appears reasonable.","Exports local ARP neighbor inventory for quick review."
"Discovery","Network Discovery","Discovery","ToolCatalog","This tab is for finding hosts, services, subnets, ARP neighbors, wake targets, and change state.","Network","Discovery tools are network-adjacent and could be consolidated under Network.","Current placement appears reasonable.","Discovers local network neighbors and common network details."
"Discovery","Port and Service Test","Discovery","ToolCatalog","This tab is for finding hosts, services, subnets, ARP neighbors, wake targets, and change state.","Network","Discovery tools are network-adjacent and could be consolidated under Network.","Current placement appears reasonable.","Fingerprints common service ports on a target."
"Discovery","Service Fingerprinter","Discovery","ToolCatalog","This tab is for finding hosts, services, subnets, ARP neighbors, wake targets, and change state.","Network","Discovery tools are network-adjacent and could be consolidated under Network.","Current placement appears reasonable.","Runs deeper service fingerprinting against selected targets."
"Discovery","Subnet Calculator","Utilities","ToolCatalog","This tab is for finding hosts, services, subnets, ARP neighbors, wake targets, and change state.","Network","Discovery tools are network-adjacent and could be consolidated under Network.","Current placement appears reasonable.","Calculates subnet ranges, masks, and host counts."
"Discovery","Wake-on-LAN Tool","Utilities","ToolCatalog","This tab is for finding hosts, services, subnets, ARP neighbors, wake targets, and change state.","Network","Discovery tools are network-adjacent and could be consolidated under Network.","Current placement appears reasonable.","Sends a Wake-on-LAN magic packet."
"Files","Handle","Compare And Manage","ToolCatalog","This tab is for file search, disk usage, file comparison, file locks, and file-level utilities.","Processes","File lock work often identifies the owning process.","Current placement appears reasonable.","Find which process has a file, folder, registry key, or object open."
"Files","Kudu","Compare And Manage","ToolCatalog","This tab is for file search, disk usage, file comparison, file locks, and file-level utilities.","Clean Up","Disk space and file utilities often support cleanup work.","Current placement appears reasonable.","Open a portable file manager for browsing and working with local files."
"Files","PsExec","Compare And Manage","ToolCatalog","This tab is for file search, disk usage, file comparison, file locks, and file-level utilities.","Clean Up","Disk space and file utilities often support cleanup work.","Current placement appears reasonable.","Run commands locally or remotely when troubleshooting admin access and remote execution."
"Files","WinMerge","Compare And Manage","ToolCatalog","This tab is for file search, disk usage, file comparison, file locks, and file-level utilities.","Clean Up","Disk space and file utilities often support cleanup work.","Current placement appears reasonable.","Compare and merge files or folders."
"Files","Everything","Search And Space","ToolCatalog","This tab is for file search, disk usage, file comparison, file locks, and file-level utilities.","Clean Up","Disk space and file utilities often support cleanup work.","Current placement appears reasonable.","Launch Everything for instant local filename search."
"Files","WinDirStat","Search And Space","ToolCatalog","This tab is for file search, disk usage, file comparison, file locks, and file-level utilities.","Clean Up","Disk space and file utilities often support cleanup work.","Current placement appears reasonable.","Launch WinDirStat to visualize disk usage and large folders."
"Files","WizTree","Search And Space","ToolCatalog","This tab is for file search, disk usage, file comparison, file locks, and file-level utilities.","Clean Up","Disk space and file utilities often support cleanup work.","Current placement appears reasonable.","Launch WizTree for fast disk space analysis."
"Files","Contig","Sysinternals","Sysinternals Auto-map","This tab is for file search, disk usage, file comparison, file locks, and file-level utilities.","Clean Up","Disk space and file utilities often support cleanup work.","Auto-mapped by Sysinternals category; review if technician workflow suggests a more direct tab.","Sysinternals Disk And File utility."
"Files","disk2vhd","Sysinternals","Sysinternals Auto-map","This tab is for file search, disk usage, file comparison, file locks, and file-level utilities.","Clean Up","Disk space and file utilities often support cleanup work.","Auto-mapped by Sysinternals category; review if technician workflow suggests a more direct tab.","Sysinternals Disk And File utility."
"Files","diskext","Sysinternals","Sysinternals Auto-map","This tab is for file search, disk usage, file comparison, file locks, and file-level utilities.","Clean Up","Disk space and file utilities often support cleanup work.","Auto-mapped by Sysinternals category; review if technician workflow suggests a more direct tab.","Sysinternals Disk And File utility."
"Files","Diskmon","Sysinternals","Sysinternals Auto-map","This tab is for file search, disk usage, file comparison, file locks, and file-level utilities.","Clean Up","Disk space and file utilities often support cleanup work.","Auto-mapped by Sysinternals category; review if technician workflow suggests a more direct tab.","Sysinternals Disk And File utility."
"Files","DiskView","Sysinternals","Sysinternals Auto-map","This tab is for file search, disk usage, file comparison, file locks, and file-level utilities.","Clean Up","Disk space and file utilities often support cleanup work.","Auto-mapped by Sysinternals category; review if technician workflow suggests a more direct tab.","Sysinternals Disk And File utility."
"Files","du","Sysinternals","Sysinternals Auto-map","This tab is for file search, disk usage, file comparison, file locks, and file-level utilities.","Clean Up","Disk space and file utilities often support cleanup work.","Auto-mapped by Sysinternals category; review if technician workflow suggests a more direct tab.","Sysinternals Disk And File utility."
"Files","FindLinks","Sysinternals","Sysinternals Auto-map","This tab is for file search, disk usage, file comparison, file locks, and file-level utilities.","Clean Up","Disk space and file utilities often support cleanup work.","Auto-mapped by Sysinternals category; review if technician workflow suggests a more direct tab.","Sysinternals Disk And File utility."
"Files","junction","Sysinternals","Sysinternals Auto-map","This tab is for file search, disk usage, file comparison, file locks, and file-level utilities.","Clean Up","Disk space and file utilities often support cleanup work.","Auto-mapped by Sysinternals category; review if technician workflow suggests a more direct tab.","Sysinternals Disk And File utility."
"Files","movefile","Sysinternals","Sysinternals Auto-map","This tab is for file search, disk usage, file comparison, file locks, and file-level utilities.","Clean Up","Disk space and file utilities often support cleanup work.","Auto-mapped by Sysinternals category; review if technician workflow suggests a more direct tab.","Sysinternals Disk And File utility."
"Files","ntfsinfo","Sysinternals","Sysinternals Auto-map","This tab is for file search, disk usage, file comparison, file locks, and file-level utilities.","Clean Up","Disk space and file utilities often support cleanup work.","Auto-mapped by Sysinternals category; review if technician workflow suggests a more direct tab.","Sysinternals Disk And File utility."
"Files","pendmoves","Sysinternals","Sysinternals Auto-map","This tab is for file search, disk usage, file comparison, file locks, and file-level utilities.","Clean Up","Disk space and file utilities often support cleanup work.","Auto-mapped by Sysinternals category; review if technician workflow suggests a more direct tab.","Sysinternals Disk And File utility."
"Files","sdelete","Sysinternals","Sysinternals Auto-map","This tab is for file search, disk usage, file comparison, file locks, and file-level utilities.","Clean Up","Disk space and file utilities often support cleanup work.","Auto-mapped by Sysinternals category; review if technician workflow suggests a more direct tab.","Sysinternals Disk And File utility."
"Files","streams","Sysinternals","Sysinternals Auto-map","This tab is for file search, disk usage, file comparison, file locks, and file-level utilities.","Clean Up","Disk space and file utilities often support cleanup work.","Auto-mapped by Sysinternals category; review if technician workflow suggests a more direct tab.","Sysinternals Disk And File utility."
"Files","sync","Sysinternals","Sysinternals Auto-map","This tab is for file search, disk usage, file comparison, file locks, and file-level utilities.","Clean Up","Disk space and file utilities often support cleanup work.","Auto-mapped by Sysinternals category; review if technician workflow suggests a more direct tab.","Sysinternals Disk And File utility."
"Files","Volumeid","Sysinternals","Sysinternals Auto-map","This tab is for file search, disk usage, file comparison, file locks, and file-level utilities.","Clean Up","Disk space and file utilities often support cleanup work.","Auto-mapped by Sysinternals category; review if technician workflow suggests a more direct tab.","Sysinternals Disk And File utility."
"Hardware","BlueScreenView","Crash Analysis","ToolCatalog","This tab is for local device, storage, crash, sensor, and hardware identity checks.","Repair","Crash evidence can drive remediation, so Repair is a defensible alternate.","Current placement appears reasonable.","Open BSOD and minidump details for recent crash troubleshooting."
"Hardware","Minidump Collector","Crash Analysis","ToolCatalog","This tab is for local device, storage, crash, sensor, and hardware identity checks.","Repair","Crash evidence can drive remediation, so Repair is a defensible alternate.","Current placement appears reasonable.","Collects and optionally analyzes recent minidumps and crash evidence."
"Hardware","CrystalDiskInfo","Disk Tools","ToolCatalog","This tab is for local device, storage, crash, sensor, and hardware identity checks.","Quick Diagnosis","Hardware checks feed the walk-up health picture, so the most important ones could be surfaced on Quick Diagnosis.","Current placement appears reasonable.","Inspect SMART, temperature, health status, and disk firmware details."
"Hardware","Disk Health","Hardware Checks","ToolCatalog","This tab is for local device, storage, crash, sensor, and hardware identity checks.","Quick Diagnosis","Hardware checks feed the walk-up health picture, so the most important ones could be surfaced on Quick Diagnosis.","Current placement appears reasonable.","Checks volume free space, physical disk health, and recent disk events."
"Hardware","Hardware Health","Hardware Checks","ToolCatalog","This tab is for local device, storage, crash, sensor, and hardware identity checks.","Quick Diagnosis","Hardware checks feed the walk-up health picture, so the most important ones could be surfaced on Quick Diagnosis.","Current placement appears reasonable.","Checks Device Manager problem devices, storage, battery, memory, and hardware events."
"Hardware","HWiNFO","Hardware Checks","ToolCatalog","This tab is for local device, storage, crash, sensor, and hardware identity checks.","Quick Diagnosis","Hardware checks feed the walk-up health picture, so the most important ones could be surfaced on Quick Diagnosis.","Current placement appears reasonable.","View detailed hardware inventory, sensors, thermals, and component status."
"Hardware","Resource Hotspots","Hardware Checks","ToolCatalog","This tab is for local device, storage, crash, sensor, and hardware identity checks.","Quick Diagnosis","Hardware checks feed the walk-up health picture, so the most important ones could be surfaced on Quick Diagnosis.","Current placement appears reasonable.","Shows top CPU and memory consumers."
"Hardware","CPU-Z","Hardware Inspection","Custom Tool","This tab is for local device, storage, crash, sensor, and hardware identity checks.","Quick Diagnosis","Hardware checks feed the walk-up health picture, so the most important ones could be surfaced on Quick Diagnosis.","Current placement appears reasonable.","Inspect CPU, memory, motherboard, and platform details."
"Hardware","GPU-Z","Hardware Inspection","Custom Tool","This tab is for local device, storage, crash, sensor, and hardware identity checks.","Quick Diagnosis","Hardware checks feed the walk-up health picture, so the most important ones could be surfaced on Quick Diagnosis.","Current placement appears reasonable.","Inspect GPU model, drivers, sensors, and graphics capabilities."
"Hardware","HWMonitor","Hardware Inspection","Custom Tool","This tab is for local device, storage, crash, sensor, and hardware identity checks.","Quick Diagnosis","Hardware checks feed the walk-up health picture, so the most important ones could be surfaced on Quick Diagnosis.","Current placement appears reasonable.","View live hardware voltages, temperatures, fans, and sensor values."
"Hardware","PCI-Z","Hardware Inspection","Custom Tool","This tab is for local device, storage, crash, sensor, and hardware identity checks.","Quick Diagnosis","Hardware checks feed the walk-up health picture, so the most important ones could be surfaced on Quick Diagnosis.","Current placement appears reasonable.","Identify PCI devices and driver/vendor details."
"Hardware","Speccy","Hardware Inspection","Custom Tool","This tab is for local device, storage, crash, sensor, and hardware identity checks.","Quick Diagnosis","Hardware checks feed the walk-up health picture, so the most important ones could be surfaced on Quick Diagnosis.","Current placement appears reasonable.","Open Speccy for quick hardware and OS inventory."
"Hardware","QuickMemoryTestOK","Hardware Testing","Custom Tool","This tab is for local device, storage, crash, sensor, and hardware identity checks.","Quick Diagnosis","Hardware checks feed the walk-up health picture, so the most important ones could be surfaced on Quick Diagnosis.","Current placement appears reasonable.","Run a quick memory stress and validation test."
"Hardware","SSD-Z","Storage","Custom Tool","This tab is for local device, storage, crash, sensor, and hardware identity checks.","Quick Diagnosis","Hardware checks feed the walk-up health picture, so the most important ones could be surfaced on Quick Diagnosis.","Current placement appears reasonable.","Inspect SSD identity, SMART data, and storage health details."
"Hardware","Bginfo","Sysinternals","Sysinternals Auto-map","This tab is for local device, storage, crash, sensor, and hardware identity checks.","Quick Diagnosis","Hardware checks feed the walk-up health picture, so the most important ones could be surfaced on Quick Diagnosis.","Auto-mapped by Sysinternals category; review if technician workflow suggests a more direct tab.","Sysinternals System Inspection utility."
"Hardware","Cacheset","Sysinternals","Sysinternals Auto-map","This tab is for local device, storage, crash, sensor, and hardware identity checks.","Quick Diagnosis","Hardware checks feed the walk-up health picture, so the most important ones could be surfaced on Quick Diagnosis.","Auto-mapped by Sysinternals category; review if technician workflow suggests a more direct tab.","Sysinternals System Inspection utility."
"Hardware","Clockres","Sysinternals","Sysinternals Auto-map","This tab is for local device, storage, crash, sensor, and hardware identity checks.","Quick Diagnosis","Hardware checks feed the walk-up health picture, so the most important ones could be surfaced on Quick Diagnosis.","Auto-mapped by Sysinternals category; review if technician workflow suggests a more direct tab.","Sysinternals System Inspection utility."
"Hardware","Coreinfo","Sysinternals","Sysinternals Auto-map","This tab is for local device, storage, crash, sensor, and hardware identity checks.","Quick Diagnosis","Hardware checks feed the walk-up health picture, so the most important ones could be surfaced on Quick Diagnosis.","Auto-mapped by Sysinternals category; review if technician workflow suggests a more direct tab.","Sysinternals System Inspection utility."
"Hardware","CoreinfoEx","Sysinternals","Sysinternals Auto-map","This tab is for local device, storage, crash, sensor, and hardware identity checks.","Quick Diagnosis","Hardware checks feed the walk-up health picture, so the most important ones could be surfaced on Quick Diagnosis.","Auto-mapped by Sysinternals category; review if technician workflow suggests a more direct tab.","Sysinternals System Inspection utility."
"Hardware","Dbgview","Sysinternals","Sysinternals Auto-map","This tab is for local device, storage, crash, sensor, and hardware identity checks.","Quick Diagnosis","Hardware checks feed the walk-up health picture, so the most important ones could be surfaced on Quick Diagnosis.","Auto-mapped by Sysinternals category; review if technician workflow suggests a more direct tab.","Sysinternals System Inspection utility."
"Hardware","Desktops","Sysinternals","Sysinternals Auto-map","This tab is for local device, storage, crash, sensor, and hardware identity checks.","Quick Diagnosis","Hardware checks feed the walk-up health picture, so the most important ones could be surfaced on Quick Diagnosis.","Auto-mapped by Sysinternals category; review if technician workflow suggests a more direct tab.","Sysinternals System Inspection utility."
"Hardware","livekd","Sysinternals","Sysinternals Auto-map","This tab is for local device, storage, crash, sensor, and hardware identity checks.","Quick Diagnosis","Hardware checks feed the walk-up health picture, so the most important ones could be surfaced on Quick Diagnosis.","Auto-mapped by Sysinternals category; review if technician workflow suggests a more direct tab.","Sysinternals System Inspection utility."
"Hardware","RDCMan","Sysinternals","Sysinternals Auto-map","This tab is for local device, storage, crash, sensor, and hardware identity checks.","Quick Diagnosis","Hardware checks feed the walk-up health picture, so the most important ones could be surfaced on Quick Diagnosis.","Auto-mapped by Sysinternals category; review if technician workflow suggests a more direct tab.","Sysinternals System Inspection utility."
"Hardware","vmmap","Sysinternals","Sysinternals Auto-map","This tab is for local device, storage, crash, sensor, and hardware identity checks.","Quick Diagnosis","Hardware checks feed the walk-up health picture, so the most important ones could be surfaced on Quick Diagnosis.","Auto-mapped by Sysinternals category; review if technician workflow suggests a more direct tab.","Sysinternals System Inspection utility."
"Hardware","Winobj","Sysinternals","Sysinternals Auto-map","This tab is for local device, storage, crash, sensor, and hardware identity checks.","Quick Diagnosis","Hardware checks feed the walk-up health picture, so the most important ones could be surfaced on Quick Diagnosis.","Auto-mapped by Sysinternals category; review if technician workflow suggests a more direct tab.","Sysinternals System Inspection utility."
"Hardware","ZoomIt","Sysinternals","Sysinternals Auto-map","This tab is for local device, storage, crash, sensor, and hardware identity checks.","Quick Diagnosis","Hardware checks feed the walk-up health picture, so the most important ones could be surfaced on Quick Diagnosis.","Auto-mapped by Sysinternals category; review if technician workflow suggests a more direct tab.","Sysinternals System Inspection utility."
"Live Log","Clear Log","Runtime Log","GUI Hard-coded","This tab is for toolkit runtime feedback and troubleshooting the toolkit itself.","Reports","Runtime logs are outputs, though not technician-facing discovery reports.","Current placement appears reasonable.","Live log action: Clear Log."
"Live Log","Copy Log","Runtime Log","GUI Hard-coded","This tab is for toolkit runtime feedback and troubleshooting the toolkit itself.","Reports","Runtime logs are outputs, though not technician-facing discovery reports.","Current placement appears reasonable.","Live log action: Copy Log."
"Network","Adapter Route Health","Connectivity","ToolCatalog","This tab is for endpoint connectivity, routes, DNS path, ports, packet capture, and live network behavior.","Services","This also relates to infrastructure service behavior.","Current placement appears reasonable.","Reviews adapters, IP settings, gateway routes, and DNS configuration."
"Network","Connectivity Triage","Connectivity","ToolCatalog","This tab is for endpoint connectivity, routes, DNS path, ports, packet capture, and live network behavior.","Services","This also relates to infrastructure service behavior.","Current placement appears reasonable.","Runs fast gateway, DNS, route, and target reachability checks."
"Network","Live Route Trace","Connectivity","ToolCatalog","This tab is for endpoint connectivity, routes, DNS path, ports, packet capture, and live network behavior.","Discovery","Connectivity checks often lead directly into discovering services, routes, and neighbors.","Current placement appears reasonable.","Shows a live route trace to help find where traffic slows or fails."
"Network","Packet Loss Monitor","Connectivity","ToolCatalog","This tab is for endpoint connectivity, routes, DNS path, ports, packet capture, and live network behavior.","Discovery","Connectivity checks often lead directly into discovering services, routes, and neighbors.","Current placement appears reasonable.","Runs a live packet loss check against a selected target."
"Network","WinMTR","Connectivity","ToolCatalog","This tab is for endpoint connectivity, routes, DNS path, ports, packet capture, and live network behavior.","Discovery","Connectivity checks often lead directly into discovering services, routes, and neighbors.","Current placement appears reasonable.","Run continuous traceroute and packet loss monitoring to a target."
"Network","FastResolver","Name Resolution","Custom Tool","This tab is for endpoint connectivity, routes, DNS path, ports, packet capture, and live network behavior.","Discovery","Connectivity checks often lead directly into discovering services, routes, and neighbors.","Current placement appears reasonable.","Quickly resolve hostnames and IP addresses across a range."
"Network","Wireshark","Packet Capture","ToolCatalog","This tab is for endpoint connectivity, routes, DNS path, ports, packet capture, and live network behavior.","Discovery","Connectivity checks often lead directly into discovering services, routes, and neighbors.","Current placement appears reasonable.","Open packet capture and protocol analysis for live or saved captures."
"Network","WinMTR","Path Testing","Custom Tool","This tab is for endpoint connectivity, routes, DNS path, ports, packet capture, and live network behavior.","Services","This also relates to infrastructure service behavior.","Current placement appears reasonable.","Trace route quality and packet loss over time."
"Network","psfile","Sysinternals","Sysinternals Auto-map","This tab is for endpoint connectivity, routes, DNS path, ports, packet capture, and live network behavior.","Discovery","Connectivity checks often lead directly into discovering services, routes, and neighbors.","Auto-mapped by Sysinternals category; review if technician workflow suggests a more direct tab.","Sysinternals Network utility."
"Network","PsLoggedon","Sysinternals","Sysinternals Auto-map","This tab is for endpoint connectivity, routes, DNS path, ports, packet capture, and live network behavior.","Discovery","Connectivity checks often lead directly into discovering services, routes, and neighbors.","Auto-mapped by Sysinternals category; review if technician workflow suggests a more direct tab.","Sysinternals Network utility."
"Network","tcpvcon","Sysinternals","Sysinternals Auto-map","This tab is for endpoint connectivity, routes, DNS path, ports, packet capture, and live network behavior.","Discovery","Connectivity checks often lead directly into discovering services, routes, and neighbors.","Auto-mapped by Sysinternals category; review if technician workflow suggests a more direct tab.","Sysinternals Network utility."
"Network","whois","Sysinternals","Sysinternals Auto-map","This tab is for endpoint connectivity, routes, DNS path, ports, packet capture, and live network behavior.","Discovery","Connectivity checks often lead directly into discovering services, routes, and neighbors.","Auto-mapped by Sysinternals category; review if technician workflow suggests a more direct tab.","Sysinternals Network utility."
"Network","DNS Path Test","Target Testing","ToolCatalog","This tab is for endpoint connectivity, routes, DNS path, ports, packet capture, and live network behavior.","Services","This also relates to infrastructure service behavior.","Current placement appears reasonable.","Checks DNS resolution path and resolver behavior."
"Network","Port Reachability Matrix","Target Testing","ToolCatalog","This tab is for endpoint connectivity, routes, DNS path, ports, packet capture, and live network behavior.","Discovery","Connectivity checks often lead directly into discovering services, routes, and neighbors.","Current placement appears reasonable.","Tests a target against a list of common or custom TCP ports."
"Network","PsPing","Target Testing","ToolCatalog","This tab is for endpoint connectivity, routes, DNS path, ports, packet capture, and live network behavior.","Discovery","Connectivity checks often lead directly into discovering services, routes, and neighbors.","Current placement appears reasonable.","Measure ICMP/TCP latency and connectivity from Sysinternals."
"Network","TCPView","Target Testing","ToolCatalog","This tab is for endpoint connectivity, routes, DNS path, ports, packet capture, and live network behavior.","Discovery","Connectivity checks often lead directly into discovering services, routes, and neighbors.","Current placement appears reasonable.","View live TCP/UDP endpoints, remote addresses, connection state, and owning processes."
"Network","Test-NetConnection","Target Testing","ToolCatalog","This tab is for endpoint connectivity, routes, DNS path, ports, packet capture, and live network behavior.","Discovery","Connectivity checks often lead directly into discovering services, routes, and neighbors.","Current placement appears reasonable.","Tests host reachability and optional TCP port connectivity."
"Network","TLS Certificate Check","Target Testing","ToolCatalog","This tab is for endpoint connectivity, routes, DNS path, ports, packet capture, and live network behavior.","Discovery","Connectivity checks often lead directly into discovering services, routes, and neighbors.","Current placement appears reasonable.","Checks a remote TLS certificate and expiration details."
"Print","Print Queue Maintenance","Printing","ToolCatalog","This tab is for printer, spooler, queue, and stale printer cleanup work.","Services","Printing depends on spooler and queue services, so Services is a reasonable alternate.","Current placement appears reasonable.","Launches your print queue maintenance GUI for print server queue review and spooler actions."
"Print","Print Spooler Triage","Printing","ToolCatalog","This tab is for printer, spooler, queue, and stale printer cleanup work.","Services","Printing depends on spooler and queue services, so Services is a reasonable alternate.","Current placement appears reasonable.","Checks local print spooler health, printers, queues, jobs, and common print issues."
"Print","Stale Printer Cleanup","Printing","ToolCatalog","This tab is for printer, spooler, queue, and stale printer cleanup work.","Services","Printing depends on spooler and queue services, so Services is a reasonable alternate.","Current placement appears reasonable.","Finds stale local printer artifacts, old user printer entries, and orphaned printer registry remnants."
"Processes","Process Explorer","Processes And Startup","ToolCatalog","This tab is for live process, startup, handle, DLL, and resource activity inspection.","Security","Process/startup inspection often exposes persistence, suspicious activity, or unsigned binaries.","Current placement appears reasonable.","Inspect process trees, handles, DLLs, signatures, and live resource usage."
"Processes","Process Monitor","Processes And Startup","ToolCatalog","This tab is for live process, startup, handle, DLL, and resource activity inspection.","Security","Process/startup inspection often exposes persistence, suspicious activity, or unsigned binaries.","Current placement appears reasonable.","Trace live file, registry, process, thread, and network activity."
"Processes","RAMMap","Processes And Startup","ToolCatalog","This tab is for live process, startup, handle, DLL, and resource activity inspection.","Security","Process/startup inspection often exposes persistence, suspicious activity, or unsigned binaries.","Current placement appears reasonable.","Analyze physical memory usage, standby lists, mapped files, and memory pressure."
"Processes","System Informer","Processes And Startup","ToolCatalog","This tab is for live process, startup, handle, DLL, and resource activity inspection.","Security","Process/startup inspection often exposes persistence, suspicious activity, or unsigned binaries.","Current placement appears reasonable.","Advanced process, service, handle, module, and system activity inspection."
"Processes","autorunsc","Sysinternals","Sysinternals Auto-map","This tab is for live process, startup, handle, DLL, and resource activity inspection.","Security","Process/startup inspection often exposes persistence, suspicious activity, or unsigned binaries.","Auto-mapped by Sysinternals category; review if technician workflow suggests a more direct tab.","Sysinternals Process And Startup utility."
"Processes","Listdlls","Sysinternals","Sysinternals Auto-map","This tab is for live process, startup, handle, DLL, and resource activity inspection.","Security","Process/startup inspection often exposes persistence, suspicious activity, or unsigned binaries.","Auto-mapped by Sysinternals category; review if technician workflow suggests a more direct tab.","Sysinternals Process And Startup utility."
"Processes","LoadOrd","Sysinternals","Sysinternals Auto-map","This tab is for live process, startup, handle, DLL, and resource activity inspection.","Security","Process/startup inspection often exposes persistence, suspicious activity, or unsigned binaries.","Auto-mapped by Sysinternals category; review if technician workflow suggests a more direct tab.","Sysinternals Process And Startup utility."
"Processes","LoadOrdC","Sysinternals","Sysinternals Auto-map","This tab is for live process, startup, handle, DLL, and resource activity inspection.","Security","Process/startup inspection often exposes persistence, suspicious activity, or unsigned binaries.","Auto-mapped by Sysinternals category; review if technician workflow suggests a more direct tab.","Sysinternals Process And Startup utility."
"Processes","procdump","Sysinternals","Sysinternals Auto-map","This tab is for live process, startup, handle, DLL, and resource activity inspection.","Security","Process/startup inspection often exposes persistence, suspicious activity, or unsigned binaries.","Auto-mapped by Sysinternals category; review if technician workflow suggests a more direct tab.","Sysinternals Process And Startup utility."
"Processes","pskill","Sysinternals","Sysinternals Auto-map","This tab is for live process, startup, handle, DLL, and resource activity inspection.","Security","Process/startup inspection often exposes persistence, suspicious activity, or unsigned binaries.","Auto-mapped by Sysinternals category; review if technician workflow suggests a more direct tab.","Sysinternals Process And Startup utility."
"Processes","pslist","Sysinternals","Sysinternals Auto-map","This tab is for live process, startup, handle, DLL, and resource activity inspection.","Security","Process/startup inspection often exposes persistence, suspicious activity, or unsigned binaries.","Auto-mapped by Sysinternals category; review if technician workflow suggests a more direct tab.","Sysinternals Process And Startup utility."
"Processes","pssuspend","Sysinternals","Sysinternals Auto-map","This tab is for live process, startup, handle, DLL, and resource activity inspection.","Security","Process/startup inspection often exposes persistence, suspicious activity, or unsigned binaries.","Auto-mapped by Sysinternals category; review if technician workflow suggests a more direct tab.","Sysinternals Process And Startup utility."
"Quick Diagnosis","CPU-Z","Hardware Shortcuts","GUI Hard-coded","This is the walk-up triage surface for immediate health status and fast target checks.","Network","The quick check buttons could live on Network because they test reachability, DNS, route, and target connectivity.","Current placement appears reasonable.","Shortcut to CPU and platform inspection."
"Quick Diagnosis","CrystalDiskInfo","Hardware Shortcuts","GUI Hard-coded","This is the walk-up triage surface for immediate health status and fast target checks.","Network","The quick check buttons could live on Network because they test reachability, DNS, route, and target connectivity.","Current placement appears reasonable.","Shortcut to SMART and disk health review."
"Quick Diagnosis","GPU-Z","Hardware Shortcuts","GUI Hard-coded","This is the walk-up triage surface for immediate health status and fast target checks.","Network","The quick check buttons could live on Network because they test reachability, DNS, route, and target connectivity.","Current placement appears reasonable.","Shortcut to GPU and graphics driver inspection."
"Quick Diagnosis","HWiNFO","Hardware Shortcuts","GUI Hard-coded","This is the walk-up triage surface for immediate health status and fast target checks.","Network","The quick check buttons could live on Network because they test reachability, DNS, route, and target connectivity.","Current placement appears reasonable.","Shortcut to broad hardware inventory and sensors."
"Quick Diagnosis","HWMonitor","Hardware Shortcuts","GUI Hard-coded","This is the walk-up triage surface for immediate health status and fast target checks.","Network","The quick check buttons could live on Network because they test reachability, DNS, route, and target connectivity.","Current placement appears reasonable.","Shortcut to sensor and temperature review."
"Quick Diagnosis","Open Latest Report","Primary Triage","GUI Hard-coded","This is the walk-up triage surface for immediate health status and fast target checks.","Network","The quick check buttons could live on Network because they test reachability, DNS, route, and target connectivity.","Current placement appears reasonable.","Opens the newest Quick Diagnosis HTML report."
"Quick Diagnosis","Run Quick Diagnosis","Primary Triage","GUI Hard-coded","This is the walk-up triage surface for immediate health status and fast target checks.","Network","The quick check buttons could live on Network because they test reachability, DNS, route, and target connectivity.","Current placement appears reasonable.","Runs the main walk-up health check and report."
"Quick Diagnosis","DNS Lookup","Quick Target Checks","GUI Hard-coded","This is the walk-up triage surface for immediate health status and fast target checks.","Network","The quick check buttons could live on Network because they test reachability, DNS, route, and target connectivity.","Current placement appears reasonable.","Runs a selected DNS record lookup."
"Quick Diagnosis","NSLookup","Quick Target Checks","GUI Hard-coded","This is the walk-up triage surface for immediate health status and fast target checks.","Network","The quick check buttons could live on Network because they test reachability, DNS, route, and target connectivity.","Current placement appears reasonable.","Runs a basic DNS lookup against the entered target."
"Quick Diagnosis","Ping","Quick Target Checks","GUI Hard-coded","This is the walk-up triage surface for immediate health status and fast target checks.","Network","The quick check buttons could live on Network because they test reachability, DNS, route, and target connectivity.","Current placement appears reasonable.","Runs a quick ping to the entered target."
"Quick Diagnosis","TCPing","Quick Target Checks","GUI Hard-coded","This is the walk-up triage surface for immediate health status and fast target checks.","Network","The quick check buttons could live on Network because they test reachability, DNS, route, and target connectivity.","Current placement appears reasonable.","Checks TCP reachability to the entered target and port."
"Quick Diagnosis","Tracert","Quick Target Checks","GUI Hard-coded","This is the walk-up triage surface for immediate health status and fast target checks.","Network","The quick check buttons could live on Network because they test reachability, DNS, route, and target connectivity.","Current placement appears reasonable.","Runs route tracing to the entered target."
"Quick Diagnosis","WHOIS","Quick Target Checks","GUI Hard-coded","This is the walk-up triage surface for immediate health status and fast target checks.","Network","The quick check buttons could live on Network because they test reachability, DNS, route, and target connectivity.","Current placement appears reasonable.","Runs a WHOIS lookup for ownership or registration context."
"Quick Diagnosis","Run DISM/SFC Repair Path","Repair After Review","GUI Hard-coded","This is the walk-up triage surface for immediate health status and fast target checks.","Network","The quick check buttons could live on Network because they test reachability, DNS, route, and target connectivity.","Current placement appears reasonable.","Runs the gated Windows image and system file repair path."
"Remote","WinSCP","File Transfer","Custom Tool","This tab is for tools that initiate remote sessions or remote file transfer.","Network","Remote clients depend on network connectivity and target reachability, so Network is a reasonable alternate.","Current placement appears reasonable.","Open WinSCP for SFTP, SCP, FTP, and WebDAV transfers."
"Remote","KiTTY","Remote Access","Custom Tool","This tab is for tools that initiate remote sessions or remote file transfer.","Network","Remote clients depend on network connectivity and target reachability, so Network is a reasonable alternate.","Current placement appears reasonable.","Open KiTTY for SSH and Telnet sessions."
"Remote","mRemoteNG","Remote Access","Custom Tool","This tab is for tools that initiate remote sessions or remote file transfer.","Network","Remote clients depend on network connectivity and target reachability, so Network is a reasonable alternate.","Current placement appears reasonable.","Open mRemoteNG for tabbed RDP, VNC, SSH, Telnet, and multi-protocol remote sessions."
"Remote","PuTTY","Remote Access","Custom Tool","This tab is for tools that initiate remote sessions or remote file transfer.","Network","Remote clients depend on network connectivity and target reachability, so Network is a reasonable alternate.","Current placement appears reasonable.","Open PuTTY for SSH, Telnet, serial, and raw TCP sessions."
"Remote","RustDesk","Remote Access","Custom Tool","This tab is for tools that initiate remote sessions or remote file transfer.","Network","Remote clients depend on network connectivity and target reachability, so Network is a reasonable alternate.","Current placement appears reasonable.","Launch RustDesk quick support for remote control sessions."
"Remote","TigerVNC Viewer","Remote Access","Custom Tool","This tab is for tools that initiate remote sessions or remote file transfer.","Network","Remote clients depend on network connectivity and target reachability, so Network is a reasonable alternate.","Current placement appears reasonable.","Open TigerVNC Viewer for direct VNC connections."
"Remote","KiTTY","Remote And Transfer","ToolCatalog","This tab is for tools that initiate remote sessions or remote file transfer.","Network","Remote clients depend on network connectivity and target reachability, so Network is a reasonable alternate.","Current placement appears reasonable.","Open a portable SSH and Telnet terminal client."
"Remote","PuTTY","Remote And Transfer","ToolCatalog","This tab is for tools that initiate remote sessions or remote file transfer.","Network","Remote clients depend on network connectivity and target reachability, so Network is a reasonable alternate.","Current placement appears reasonable.","Open a portable SSH, Telnet, and serial terminal client."
"Remote","WhoDat","Remote And Transfer","ToolCatalog","This tab is for tools that initiate remote sessions or remote file transfer.","Network","Remote clients depend on network connectivity and target reachability, so Network is a reasonable alternate.","Current placement appears reasonable.","Run WHOIS lookups for domain and public IP ownership checks."
"Remote","WinSCP","Remote And Transfer","ToolCatalog","This tab is for tools that initiate remote sessions or remote file transfer.","Network","Remote clients depend on network connectivity and target reachability, so Network is a reasonable alternate.","Current placement appears reasonable.","Open SFTP, SCP, FTP, and WebDAV file transfer client."
"Remote","Launch RDP","Remote Desktop","ToolCatalog","This tab is for tools that initiate remote sessions or remote file transfer.","Network","Remote clients depend on network connectivity and target reachability, so Network is a reasonable alternate.","Current placement appears reasonable.","Open the built-in Windows Remote Desktop Connection client for RDP access to workstations and servers."
"Remote","PsGetsid","Sysinternals","Sysinternals Auto-map","This tab is for tools that initiate remote sessions or remote file transfer.","Network","Remote clients depend on network connectivity and target reachability, so Network is a reasonable alternate.","Auto-mapped by Sysinternals category; review if technician workflow suggests a more direct tab.","Sysinternals PsTools utility."
"Remote","PsInfo","Sysinternals","Sysinternals Auto-map","This tab is for tools that initiate remote sessions or remote file transfer.","Network","Remote clients depend on network connectivity and target reachability, so Network is a reasonable alternate.","Auto-mapped by Sysinternals category; review if technician workflow suggests a more direct tab.","Sysinternals PsTools utility."
"Remote","psloglist","Sysinternals","Sysinternals Auto-map","This tab is for tools that initiate remote sessions or remote file transfer.","Network","Remote clients depend on network connectivity and target reachability, so Network is a reasonable alternate.","Auto-mapped by Sysinternals category; review if technician workflow suggests a more direct tab.","Sysinternals PsTools utility."
"Remote","pspasswd","Sysinternals","Sysinternals Auto-map","This tab is for tools that initiate remote sessions or remote file transfer.","Network","Remote clients depend on network connectivity and target reachability, so Network is a reasonable alternate.","Auto-mapped by Sysinternals category; review if technician workflow suggests a more direct tab.","Sysinternals PsTools utility."
"Remote","PsService","Sysinternals","Sysinternals Auto-map","This tab is for tools that initiate remote sessions or remote file transfer.","Network","Remote clients depend on network connectivity and target reachability, so Network is a reasonable alternate.","Auto-mapped by Sysinternals category; review if technician workflow suggests a more direct tab.","Sysinternals PsTools utility."
"Remote","psshutdown","Sysinternals","Sysinternals Auto-map","This tab is for tools that initiate remote sessions or remote file transfer.","Network","Remote clients depend on network connectivity and target reachability, so Network is a reasonable alternate.","Auto-mapped by Sysinternals category; review if technician workflow suggests a more direct tab.","Sysinternals PsTools utility."
"Repair","Profile Cleanup Toolkit","Profile Cleanup","Custom Tool","This tab is for remediation workflows or tools that can directly fix or remove broken local state.","Windows","Most repair actions are Windows OS repair or cleanup paths.","Current placement appears reasonable.","Inspect and clean stale Windows user profiles."
"Repair","DISM/SFC Repair Path","Repair And Errors","ToolCatalog","This tab is for remediation workflows or tools that can directly fix or remove broken local state.","Windows","Most repair actions are Windows OS repair or cleanup paths.","Current placement appears reasonable.","Runs DISM CheckHealth, ScanHealth, RestoreHealth, and SFC with an exported log."
"Repair","Windows Error Lookup","Repair And Errors","ToolCatalog","This tab is for remediation workflows or tools that can directly fix or remove broken local state.","Windows","Most repair actions are Windows OS repair or cleanup paths.","Current placement appears reasonable.","Look up Windows error codes, HRESULTs, and Win32 error messages."
"Reports","Network Report Exporter","Outputs","ToolCatalog","This tab is for finding, opening, and deleting generated reports and discovery outputs.","Computer Info","Profile and diagnosis reports are often consumed with computer info.","Current placement appears reasonable.","Exports network report data."
"Reports","Delete Selected","Report Browser","GUI Hard-coded","This tab is for finding, opening, and deleting generated reports and discovery outputs.","Computer Info","Profile and diagnosis reports are often consumed with computer info.","Current placement appears reasonable.","Reports page action: Delete Selected."
"Reports","Open Help","Report Browser","GUI Hard-coded","This tab is for finding, opening, and deleting generated reports and discovery outputs.","Computer Info","Profile and diagnosis reports are often consumed with computer info.","Current placement appears reasonable.","Reports page action: Open Help."
"Reports","Open Location","Report Browser","GUI Hard-coded","This tab is for finding, opening, and deleting generated reports and discovery outputs.","Computer Info","Profile and diagnosis reports are often consumed with computer info.","Current placement appears reasonable.","Reports page action: Open Location."
"Reports","Open Selected","Report Browser","GUI Hard-coded","This tab is for finding, opening, and deleting generated reports and discovery outputs.","Computer Info","Profile and diagnosis reports are often consumed with computer info.","Current placement appears reasonable.","Reports page action: Open Selected."
"Reports","Refresh Reports","Report Browser","GUI Hard-coded","This tab is for finding, opening, and deleting generated reports and discovery outputs.","Computer Info","Profile and diagnosis reports are often consumed with computer info.","Current placement appears reasonable.","Reports page action: Refresh Reports."
"Reports","Search","Report Browser","GUI Hard-coded","This tab is for finding, opening, and deleting generated reports and discovery outputs.","Computer Info","Profile and diagnosis reports are often consumed with computer info.","Current placement appears reasonable.","Reports page action: Search."
"Robocopy","Build Command","Command Builder","GUI Hard-coded","This tab is a dedicated plain-language robocopy command builder and runner.","Files","Robocopy is fundamentally file movement and could live under Files if not dedicated.","Current placement appears reasonable.","Robocopy builder action: Build Command."
"Robocopy","Copy Command","Command Builder","GUI Hard-coded","This tab is a dedicated plain-language robocopy command builder and runner.","Files","Robocopy is fundamentally file movement and could live under Files if not dedicated.","Current placement appears reasonable.","Robocopy builder action: Copy Command."
"Robocopy","Preview Only","Command Builder","GUI Hard-coded","This tab is a dedicated plain-language robocopy command builder and runner.","Files","Robocopy is fundamentally file movement and could live under Files if not dedicated.","Current placement appears reasonable.","Robocopy builder action: Preview Only."
"Robocopy","Run Copy","Command Builder","GUI Hard-coded","This tab is a dedicated plain-language robocopy command builder and runner.","Files","Robocopy is fundamentally file movement and could live under Files if not dedicated.","Current placement appears reasonable.","Robocopy builder action: Run Copy."
"Security","ClamWin Portable","Malware And Adware Scanners","ToolCatalog","This tab is for malware checks, persistence inspection, signatures, password/privacy tools, and security posture.","Windows","Security posture is part of Windows health on a local workstation.","Current placement appears reasonable.","Run a portable antivirus scan against selected files or folders."
"Security","Malwarebytes AdwCleaner","Malware And Adware Scanners","ToolCatalog","This tab is for malware checks, persistence inspection, signatures, password/privacy tools, and security posture.","Processes","Persistence and startup inspection overlaps with process/startup tooling.","Current placement appears reasonable.","Find and remove adware, browser hijackers, unwanted programs, and toolbars."
"Security","Microsoft Safety Scanner","Malware And Adware Scanners","ToolCatalog","This tab is for malware checks, persistence inspection, signatures, password/privacy tools, and security posture.","Windows","Security posture is part of Windows health on a local workstation.","Current placement appears reasonable.","Run Microsoft's on-demand malware scanner for suspected infection checks."
"Security","PWGen","Password Tools","Custom Tool","This tab is for malware checks, persistence inspection, signatures, password/privacy tools, and security posture.","Windows","Security posture is part of Windows health on a local workstation.","Current placement appears reasonable.","Generate strong random passwords from a portable utility."
"Security","xpy","Privacy And Hardening","Custom Tool","This tab is for malware checks, persistence inspection, signatures, password/privacy tools, and security posture.","Windows","Security posture is part of Windows health on a local workstation.","Current placement appears reasonable.","Review Windows privacy and hardening settings."
"Security","Autoruns","Security Inspection","ToolCatalog","This tab is for malware checks, persistence inspection, signatures, password/privacy tools, and security posture.","Processes","Persistence and startup inspection overlaps with process/startup tooling.","Current placement appears reasonable.","Review startup locations, services, drivers, scheduled tasks, and persistence points."
"Security","HijackThis","Security Inspection","Custom Tool","This tab is for malware checks, persistence inspection, signatures, password/privacy tools, and security posture.","Processes","Persistence and startup inspection overlaps with process/startup tooling.","Current placement appears reasonable.","Inspect browser helpers, startup entries, services, and persistence points."
"Security","Sigcheck","Security Inspection","ToolCatalog","This tab is for malware checks, persistence inspection, signatures, password/privacy tools, and security posture.","Windows","Security posture is part of Windows health on a local workstation.","Current placement appears reasonable.","Check file signatures, hashes, versions, and unsigned executable files."
"Security","accesschk","Sysinternals","Sysinternals Auto-map","This tab is for malware checks, persistence inspection, signatures, password/privacy tools, and security posture.","Windows","Security posture is part of Windows health on a local workstation.","Auto-mapped by Sysinternals category; review if technician workflow suggests a more direct tab.","Sysinternals Security And Registry utility."
"Security","AccessEnum","Sysinternals","Sysinternals Auto-map","This tab is for malware checks, persistence inspection, signatures, password/privacy tools, and security posture.","Windows","Security posture is part of Windows health on a local workstation.","Auto-mapped by Sysinternals category; review if technician workflow suggests a more direct tab.","Sysinternals Security And Registry utility."
"Security","Autologon","Sysinternals","Sysinternals Auto-map","This tab is for malware checks, persistence inspection, signatures, password/privacy tools, and security posture.","Windows","Security posture is part of Windows health on a local workstation.","Auto-mapped by Sysinternals category; review if technician workflow suggests a more direct tab.","Sysinternals Security And Registry utility."
"Security","logonsessions","Sysinternals","Sysinternals Auto-map","This tab is for malware checks, persistence inspection, signatures, password/privacy tools, and security posture.","Windows","Security posture is part of Windows health on a local workstation.","Auto-mapped by Sysinternals category; review if technician workflow suggests a more direct tab.","Sysinternals Security And Registry utility."
"Security","RegDelNull","Sysinternals","Sysinternals Auto-map","This tab is for malware checks, persistence inspection, signatures, password/privacy tools, and security posture.","Windows","Security posture is part of Windows health on a local workstation.","Auto-mapped by Sysinternals category; review if technician workflow suggests a more direct tab.","Sysinternals Security And Registry utility."
"Security","regjump","Sysinternals","Sysinternals Auto-map","This tab is for malware checks, persistence inspection, signatures, password/privacy tools, and security posture.","Windows","Security posture is part of Windows health on a local workstation.","Auto-mapped by Sysinternals category; review if technician workflow suggests a more direct tab.","Sysinternals Security And Registry utility."
"Security","ShareEnum","Sysinternals","Sysinternals Auto-map","This tab is for malware checks, persistence inspection, signatures, password/privacy tools, and security posture.","Windows","Security posture is part of Windows health on a local workstation.","Auto-mapped by Sysinternals category; review if technician workflow suggests a more direct tab.","Sysinternals Security And Registry utility."
"Security","Sysmon","Sysinternals","Sysinternals Auto-map","This tab is for malware checks, persistence inspection, signatures, password/privacy tools, and security posture.","Windows","Security posture is part of Windows health on a local workstation.","Auto-mapped by Sysinternals category; review if technician workflow suggests a more direct tab.","Sysinternals Security And Registry utility."
"Services","DNS Diagnostics","DNS","ToolCatalog","This tab is for infrastructure services exposed by or depended on by the workstation, such as DHCP, DNS, time, and listening services.","Network","Infrastructure services are network dependencies, so Network is the broad alternate.","Current placement appears reasonable.","Runs DNS diagnostics for configured resolvers and target lookups."
"Services","DHCP Scope Inspector","Infrastructure Services","ToolCatalog","This tab is for infrastructure services exposed by or depended on by the workstation, such as DHCP, DNS, time, and listening services.","Network","Infrastructure services are network dependencies, so Network is the broad alternate.","Current placement appears reasonable.","Reviews DHCP scope health and lease information where available."
"Services","DHCP Server / Rogue Locator","Infrastructure Services","ToolCatalog","This tab is for infrastructure services exposed by or depended on by the workstation, such as DHCP, DNS, time, and listening services.","Network","Infrastructure services are network dependencies, so Network is the broad alternate.","Current placement appears reasonable.","Finds current DHCP lease evidence and checks for unexpected DHCP responders."
"Services","Local Exposure Inspector","Infrastructure Services","ToolCatalog","This tab is for infrastructure services exposed by or depended on by the workstation, such as DHCP, DNS, time, and listening services.","Network","Infrastructure services are network dependencies, so Network is the broad alternate.","Current placement appears reasonable.","Reviews listening ports and local exposure risk."
"Services","Reset Domain Time","Infrastructure Services","ToolCatalog","This tab is for infrastructure services exposed by or depended on by the workstation, such as DHCP, DNS, time, and listening services.","Network","Infrastructure services are network dependencies, so Network is the broad alternate.","Current placement appears reasonable.","Configures Windows Time to use the domain hierarchy, restarts W32Time, resyncs, and verifies the source."
"Services","Time Sync Health","Infrastructure Services","ToolCatalog","This tab is for infrastructure services exposed by or depended on by the workstation, such as DHCP, DNS, time, and listening services.","Network","Infrastructure services are network dependencies, so Network is the broad alternate.","Current placement appears reasonable.","Checks Windows time source and synchronization state."
"Settings","Apply Settings","GUI Customization","GUI Hard-coded","This tab is for GUI customization such as startup tab, tab order, and color theme.","Custom","Custom tab placement could be configured from Custom, but global settings belong on Settings.","Current placement appears reasonable.","Settings page action: Apply Settings."
"Settings","Move Down","GUI Customization","GUI Hard-coded","This tab is for GUI customization such as startup tab, tab order, and color theme.","Custom","Custom tab placement could be configured from Custom, but global settings belong on Settings.","Current placement appears reasonable.","Settings page action: Move Down."
"Settings","Move Up","GUI Customization","GUI Hard-coded","This tab is for GUI customization such as startup tab, tab order, and color theme.","Custom","Custom tab placement could be configured from Custom, but global settings belong on Settings.","Current placement appears reasonable.","Settings page action: Move Up."
"Settings","Reset Defaults","GUI Customization","GUI Hard-coded","This tab is for GUI customization such as startup tab, tab order, and color theme.","Custom","Custom tab placement could be configured from Custom, but global settings belong on Settings.","Current placement appears reasonable.","Settings page action: Reset Defaults."
"Software","Draw.io","Diagramming","ToolCatalog","This tab is for general-purpose portable applications that do not primarily clean, repair, secure, or diagnose.","Custom","Most general portable apps could be managed from Custom if they do not deserve first-class buttons.","Current placement appears reasonable.","Open Draw.io for network diagrams, flowcharts, and troubleshooting visuals."
"Software","Notepad++","Editors","ToolCatalog","This tab is for general-purpose portable applications that do not primarily clean, repair, secure, or diagnose.","Custom","Most general portable apps could be managed from Custom if they do not deserve first-class buttons.","Current placement appears reasonable.","Open Notepad++ for logs, scripts, configs, and quick text edits."
"Software","KompoZer","HTML And Reports","ToolCatalog","This tab is for general-purpose portable applications that do not primarily clean, repair, secure, or diagnose.","Custom","Most general portable apps could be managed from Custom if they do not deserve first-class buttons.","Current placement appears reasonable.","Open KompoZer for quick HTML or report edits."
"Software","LibreOffice","Office And Documents","Custom Tool","This tab is for general-purpose portable applications that do not primarily clean, repair, secure, or diagnose.","Custom","Most general portable apps could be managed from Custom if they do not deserve first-class buttons.","Current placement appears reasonable.","Open LibreOffice Portable for documents, spreadsheets, and presentations."
"Software","Firefox Portable","Portable Browser","Custom Tool","This tab is for general-purpose portable applications that do not primarily clean, repair, secure, or diagnose.","Custom","Most general portable apps could be managed from Custom if they do not deserve first-class buttons.","Current placement appears reasonable.","Open the toolkit-contained Firefox browser profile."
"Software","Firefox Portable","Portable Browser","ToolCatalog","This tab is for general-purpose portable applications that do not primarily clean, repair, secure, or diagnose.","Custom","Most general portable apps could be managed from Custom if they do not deserve first-class buttons.","Current placement appears reasonable.","Launch Firefox Portable from the toolkit with its profile, history, bookmarks, and extensions stored on this drive."
"Sysinternals","CPUSTRES","Sysinternals","Sysinternals Auto-map","This tab catches Sysinternals utilities that do not map cleanly to a functional troubleshooting tab.","Processes","Many leftover Sysinternals tools are diagnostics, and Processes is the most common alternate catchment.","Auto-mapped by Sysinternals category; review if technician workflow suggests a more direct tab.","Sysinternals Stress And Caution utility."
"Sysinternals","ctrl2cap","Sysinternals","Sysinternals Auto-map","This tab catches Sysinternals utilities that do not map cleanly to a functional troubleshooting tab.","Processes","Many leftover Sysinternals tools are diagnostics, and Processes is the most common alternate catchment.","Auto-mapped by Sysinternals category; review if technician workflow suggests a more direct tab.","Sysinternals Other utility."
"Sysinternals","efsdump","Sysinternals","Sysinternals Auto-map","This tab catches Sysinternals utilities that do not map cleanly to a functional troubleshooting tab.","Processes","Many leftover Sysinternals tools are diagnostics, and Processes is the most common alternate catchment.","Auto-mapped by Sysinternals category; review if technician workflow suggests a more direct tab.","Sysinternals Other utility."
"Sysinternals","hex2dec","Sysinternals","Sysinternals Auto-map","This tab catches Sysinternals utilities that do not map cleanly to a functional troubleshooting tab.","Processes","Many leftover Sysinternals tools are diagnostics, and Processes is the most common alternate catchment.","Auto-mapped by Sysinternals category; review if technician workflow suggests a more direct tab.","Sysinternals Other utility."
"Sysinternals","ldmdump","Sysinternals","Sysinternals Auto-map","This tab catches Sysinternals utilities that do not map cleanly to a functional troubleshooting tab.","Processes","Many leftover Sysinternals tools are diagnostics, and Processes is the most common alternate catchment.","Auto-mapped by Sysinternals category; review if technician workflow suggests a more direct tab.","Sysinternals Other utility."
"Sysinternals","notmyfault","Sysinternals","Sysinternals Auto-map","This tab catches Sysinternals utilities that do not map cleanly to a functional troubleshooting tab.","Processes","Many leftover Sysinternals tools are diagnostics, and Processes is the most common alternate catchment.","Auto-mapped by Sysinternals category; review if technician workflow suggests a more direct tab.","Sysinternals Stress And Caution utility."
"Sysinternals","notmyfaultc","Sysinternals","Sysinternals Auto-map","This tab catches Sysinternals utilities that do not map cleanly to a functional troubleshooting tab.","Processes","Many leftover Sysinternals tools are diagnostics, and Processes is the most common alternate catchment.","Auto-mapped by Sysinternals category; review if technician workflow suggests a more direct tab.","Sysinternals Stress And Caution utility."
"Sysinternals","pipelist","Sysinternals","Sysinternals Auto-map","This tab catches Sysinternals utilities that do not map cleanly to a functional troubleshooting tab.","Processes","Many leftover Sysinternals tools are diagnostics, and Processes is the most common alternate catchment.","Auto-mapped by Sysinternals category; review if technician workflow suggests a more direct tab.","Sysinternals Other utility."
"Sysinternals","portmon","Sysinternals","Sysinternals Auto-map","This tab catches Sysinternals utilities that do not map cleanly to a functional troubleshooting tab.","Processes","Many leftover Sysinternals tools are diagnostics, and Processes is the most common alternate catchment.","Auto-mapped by Sysinternals category; review if technician workflow suggests a more direct tab.","Sysinternals Other utility."
"Sysinternals","RDCMan-x86","Sysinternals","Sysinternals Auto-map","This tab catches Sysinternals utilities that do not map cleanly to a functional troubleshooting tab.","Processes","Many leftover Sysinternals tools are diagnostics, and Processes is the most common alternate catchment.","Auto-mapped by Sysinternals category; review if technician workflow suggests a more direct tab.","Sysinternals Other utility."
"Sysinternals","ru","Sysinternals","Sysinternals Auto-map","This tab catches Sysinternals utilities that do not map cleanly to a functional troubleshooting tab.","Processes","Many leftover Sysinternals tools are diagnostics, and Processes is the most common alternate catchment.","Auto-mapped by Sysinternals category; review if technician workflow suggests a more direct tab.","Sysinternals Other utility."
"Sysinternals","ShellRunas","Sysinternals","Sysinternals Auto-map","This tab catches Sysinternals utilities that do not map cleanly to a functional troubleshooting tab.","Processes","Many leftover Sysinternals tools are diagnostics, and Processes is the most common alternate catchment.","Auto-mapped by Sysinternals category; review if technician workflow suggests a more direct tab.","Sysinternals Other utility."
"Sysinternals","strings","Sysinternals","Sysinternals Auto-map","This tab catches Sysinternals utilities that do not map cleanly to a functional troubleshooting tab.","Processes","Many leftover Sysinternals tools are diagnostics, and Processes is the most common alternate catchment.","Auto-mapped by Sysinternals category; review if technician workflow suggests a more direct tab.","Sysinternals Other utility."
"Sysinternals","Testlimit","Sysinternals","Sysinternals Auto-map","This tab catches Sysinternals utilities that do not map cleanly to a functional troubleshooting tab.","Processes","Many leftover Sysinternals tools are diagnostics, and Processes is the most common alternate catchment.","Auto-mapped by Sysinternals category; review if technician workflow suggests a more direct tab.","Sysinternals Stress And Caution utility."
"Wi-Fi","Wi-Fi Issue Scan","Wi-Fi","ToolCatalog","This tab is for wireless adapter, profile, and nearby network troubleshooting.","Network","Wi-Fi is a network transport and could live under Network if tabs are consolidated.","Current placement appears reasonable.","Runs a quick scan for common Wi-Fi problems."
"Wi-Fi","Wi-Fi Networks","Wi-Fi","ToolCatalog","This tab is for wireless adapter, profile, and nearby network troubleshooting.","Network","Wi-Fi is a network transport and could live under Network if tabs are consolidated.","Current placement appears reasonable.","Lists visible wireless networks."
"Wi-Fi","Wi-Fi Profiles","Wi-Fi","ToolCatalog","This tab is for wireless adapter, profile, and nearby network troubleshooting.","Network","Wi-Fi is a network transport and could live under Network if tabs are consolidated.","Current placement appears reasonable.","Lists saved Wi-Fi profiles."
"Wi-Fi","Wi-Fi Status","Wi-Fi","ToolCatalog","This tab is for wireless adapter, profile, and nearby network troubleshooting.","Network","Wi-Fi is a network transport and could live under Network if tabs are consolidated.","Current placement appears reasonable.","Shows wireless interface state and connection details."
"Windows","Defender Security Check","Windows Health","ToolCatalog","This tab is for Windows OS health signals that are not direct repair actions.","Security","Defender and firewall findings are also security posture checks.","Current placement appears reasonable.","Checks Defender, real-time protection, signatures, and firewall profiles."
"Windows","Event Log Triage","Windows Health","ToolCatalog","This tab is for Windows OS health signals that are not direct repair actions.","Quick Diagnosis","Windows health signals are core quick-triage indicators.","Current placement appears reasonable.","Shows recent critical and error events from System, Application, and Setup logs."
"Windows","Service Health","Windows Health","ToolCatalog","This tab is for Windows OS health signals that are not direct repair actions.","Quick Diagnosis","Windows health signals are core quick-triage indicators.","Current placement appears reasonable.","Lists automatic services that are unexpectedly stopped."
"Windows","Startup Impact","Windows Health","ToolCatalog","This tab is for Windows OS health signals that are not direct repair actions.","Quick Diagnosis","Windows health signals are core quick-triage indicators.","Current placement appears reasonable.","Reviews startup commands and failed scheduled tasks."
"Windows","Windows Update Health","Windows Health","ToolCatalog","This tab is for Windows OS health signals that are not direct repair actions.","Quick Diagnosis","Windows health signals are core quick-triage indicators.","Current placement appears reasonable.","Checks update services and common pending reboot markers."
